id,times_appeared,food_rating
1001,9.0,2.0
1002,116.0,2.0
1003,13.0,2.0
1004,41.0,2.0
1005,68.0,1.0
1006,3349.0,0.0
1007,49.0,1.0
1008,17.0,0.0
1009,2.0,1.0
1010,157.0,2.0
1011,2.0,1.0
1012,484.0,2.0
1013,4.0,0.0
1014,4691.0,0.0
1015,148.0,0.0
1016,534.0,2.0
1017,1483.0,0.0
1018,16.0,2.0
2001,473.0,2.0
2002,86.0,2.0
2003,9.0,2.0
2004,11.0,0.0
2005,2.0,2.0
2006,4.0,2.0
2007,181.0,2.0
2008,292.0,2.0
2009,2.0,2.0
2010,14.0,2.0
2011,1.0,2.0
2012,238.0,1.0
2013,3.0,1.0
2014,1256.0,0.0
2015,3.0,0.0
2016,21.0,0.0
3001,829.0,1.0
3002,5.0,0.0
3003,28.0,0.0
3004,338.0,0.0
3005,259.0,0.0
3006,892.0,0.0
3007,5.0,0.0
3008,18.0,0.0
3009,6.0,0.0
3010,458.0,2.0
3011,783.0,2.0
3012,3.0,1.0
3013,124.0,2.0
3014,64.0,0.0
3015,3.0,2.0
3016,157.0,2.0
4001,650.0,2.0
4002,12.0,2.0
4003,11.0,2.0
4004,4.0,1.0
4005,162.0,2.0
4006,219.0,1.0
4007,58.0,2.0
4008,30.0,2.0
4009,184.0,2.0
4010,104.0,2.0
4011,135.0,0.0
4012,749.0,2.0
4013,1479.0,1.0
4014,270.0,2.0
4015,,2.0
5001,620.0,1.0
